Name,Email,Mobile,Timestamp

Tania,hello@gmail.com,07525844889,2025-06-08T18:23:17Z
Tania Rosa,tanrosa@gmail.com,07525844889,2025-06-08T19:09:03Z
Tania Rosa,tanrosa@gmail.com,07525844889,2025-06-08T19:19:21Z
Tania Rosa,tanrosa@gmail.com,07525844889,2025-06-08T19:40:26Z
Malu Marie,MaluMarie@gmail.com,07525844889,2025-06-08T19:42:22Z
Tania,tanrosa@gmail.com,07525844889,2025-06-08T20:24:24Z
Tania Rosa,tanrosa@gmail.com,07525844889,2025-06-08T20:30:20Z
Tania,tanrosa@gmail.com,07525844889,2025-06-08T20:38:31Z
tania,tanrosa@gmail.com,07525844889,2025-06-08T20:57:38Z
